;id;chain;velocity;data_len;vs_len;mean_bias;mean_uncrt;swot_mean_bias;swot_mean_uncrt;rmse_c;rmse_s;rmse_n;rmse_r;rmse_sc;rmse_ss;rmse_sn;rmse_sr;nse_c;nse_s;nse_n;nse_r;nse_sc;nse_ss;nse_sn;nse_sr;x;y
0;959;208081.39475855266;0.8333333333333334;659;13;0.13078325770997976;0.10983481575603557;0.12076714845482861;0.12233687405159333;0.137;0.141;0.161;0.152;0.148;0.145;0.146;0.152;0.977;0.976;0.968;0.972;0.973;0.974;0.974;0.972;14.6161;52.5547
1;13659;223846.92951943702;0.8333333333333334;532;12;0.13346386343108052;0.1072764705882353;0.1206245088900847;0.12453007518796992;0.179;0.153;0.186;0.153;0.143;0.159;0.155;0.153;0.962;0.972;0.959;0.972;0.975;0.969;0.971;0.972;14.5711;52.4399
2;13660;250366.91107099914;0.8333333333333334;601;11;0.13077071660094733;0.10408319467554077;;;;;;;;;;;;;;;;;;;14.6561;52.2628
3;13661;251006.64847046116;0.8333333333333334;451;10;0.13077071660094733;0.10661749571183535;0.11752270339961189;0.12221729490022173;0.164;0.124;0.17;0.124;0.161;0.145;0.169;0.124;0.965;0.98;0.963;0.98;0.966;0.972;0.962;0.98;14.6649;52.2611
4;18750;130958.81240699436;0.8333333333333334;691;14;0.16079448000309748;0.08090448625180897;;;0.307;0.263;0.378;0.358;;;;;0.922;0.943;0.882;0.894;;;;;14.2851;53.0172
5;18751;188022.5155181302;0.8333333333333334;799;14;0.12810398726638023;0.10526533166458073;;;0.39;0.338;0.398;0.252;;;;;0.864;0.898;0.858;0.943;;;;;14.4527;52.678
6;18752;260696.01117085537;0.8333333333333334;390;9;0.13383226561695447;0.11004752066115704;0.12194703247604662;0.12274358974358976;0.176;0.151;0.184;0.141;0.161;0.157;0.166;0.14;0.96;0.97;0.956;0.974;0.965;0.967;0.964;0.974;14.6877;52.199
7;18753;277374.70378834725;0.8333333333333334;404;8;0.13971532613436977;0.10113118811881187;;;0.214;0.2;0.247;0.341;;;;;0.95;0.956;0.933;0.872;;;;;14.7464;52.0802
8;18754;442267.34464859427;0.8333333333333334;235;4;0.2422543415741757;0.17505211726384365;0.2393258887974035;0.21408510638297873;0.312;0.305;0.317;0.323;0.359;0.366;0.379;0.323;0.875;0.88;0.871;0.865;0.834;0.827;0.815;0.865;16.2547;51.6802
9;19763;341012.44422732375;0.8333333333333334;232;7;0.11097047343195975;0.0934538043478261;0.08958130698011411;0.1181034482758621;0.195;0.201;0.204;0.157;0.182;0.219;0.184;0.157;0.948;0.945;0.943;0.966;0.954;0.934;0.953;0.966;15.493;52.0442
10;23402;82980.27468996237;0.8333333333333334;413;10;0.21121686043728255;0.08315178571428572;0.2072378764126027;0.085544794188862;0.538;0.85;0.234;0.285;0.599;0.829;0.251;0.285;-1.456;-5.123;0.536;0.311;-1.981;-4.71;0.475;0.311;14.5813;53.3638
11;23403;183650.3907473783;0.8333333333333334;870;16;0.13565149950083577;0.09575057471264367;;;0.446;0.446;0.57;0.602;;;;;0.808;0.808;0.686;0.65;;;;;14.4109;52.7041
12;23404;302343.02981638454;0.8333333333333334;237;7;0.12361534369590674;0.09647887323943662;0.10357382874698658;0.11244725738396627;0.196;0.175;0.207;0.281;0.187;0.242;0.19;0.281;0.951;0.961;0.946;0.899;0.954;0.923;0.952;0.899;15.0362;52.0673
13;23405;317357.4966970362;0.8333333333333334;438;9;0.11014489583802854;0.09180136986301372;;;0.218;0.215;0.231;0.269;;;;;0.943;0.944;0.936;0.913;;;;;15.2132;52.0769
14;23406;364472.22228257876;0.8333333333333334;288;8;0.11541873227396425;0.10494570135746607;0.10342514827794877;0.13243055555555555;0.179;0.182;0.21;0.2;0.223;0.282;0.286;0.2;0.958;0.957;0.942;0.948;0.935;0.896;0.894;0.948;15.7319;51.9733
15;23407;402608.2862358803;0.8333333333333334;253;6;0.12131057994504849;0.12273569482288829;0.10746211654015941;0.15494071146245061;0.192;0.186;0.211;0.267;0.222;0.224;0.249;0.267;0.953;0.956;0.943;0.909;0.935;0.934;0.918;0.909;15.8194;51.7483
16;23408;406456.0026463509;0.8333333333333334;210;5;0.12437049024811044;0.13052145214521452;0.11097283835454963;0.16395238095238096;0.182;0.196;0.166;0.191;0.264;0.231;0.291;0.191;0.956;0.949;0.964;0.952;0.908;0.93;0.888;0.952;15.8493;51.7262
17;23409;456821.70595190965;0.8333333333333334;188;3;0.27442400590690424;0.1913909465020576;0.26676874811231077;0.2340957446808511;0.261;0.266;0.332;0.331;0.284;0.291;0.335;0.331;0.913;0.91;0.86;0.861;0.896;0.891;0.855;0.861;16.37;51.6107
18;38366;379054.4143299558;0.8333333333333334;246;7;0.11459476083381424;0.10799212598425198;0.10048608653641065;0.13727642276422763;0.197;0.223;0.231;0.183;0.232;0.248;0.268;0.183;0.949;0.935;0.931;0.957;0.93;0.92;0.906;0.957;15.771;51.8897
19;38367;382200.83663858986;0.8333333333333334;313;6;0.12015942607940461;0.1057156549520767;;;0.186;0.208;0.153;0.324;;;;;0.955;0.944;0.97;0.866;;;;;15.7825;51.8701
20;38368;415634.0134757723;0.8333333333333334;232;4;0.1309927480226712;0.13709913793103448;;;0.267;0.263;0.249;0.335;;;;;0.915;0.918;0.926;0.866;;;;;15.9347;51.7017
21;41520;185045.09016324955;0.8333333333333334;855;15;0.1324461209709209;0.09688304093567253;;;0.366;0.366;0.459;0.288;;;;;0.883;0.882;0.815;0.927;;;;;14.4248;52.6949
22;41866;234513.3393847275;0.8333333333333334;518;12;0.1311904121406811;0.10847457627118645;0.11802647721462338;0.12415057915057916;0.19;0.169;0.222;0.159;0.162;0.159;0.172;0.159;0.957;0.966;0.941;0.97;0.968;0.97;0.965;0.969;14.5531;52.3598
23;41867;128505.39733481371;0.8333333333333334;615;15;0.18211237822249304;0.08401226158038147;0.17400452155875062;0.09465040650406506;0.326;0.277;0.597;0.608;0.343;0.283;0.609;0.608;0.907;0.933;0.688;0.677;0.897;0.93;0.676;0.677;14.3098;53.0331
24;41868;266699.16683358327;0.8333333333333334;369;9;0.1329474139857036;0.10590364025695934;0.12192569324054492;0.11826558265582655;0.163;0.148;0.175;0.153;0.169;0.154;0.157;0.153;0.965;0.971;0.959;0.969;0.962;0.968;0.967;0.969;14.6894;52.1523
25;41869;186813.41934517946;0.8333333333333334;739;15;0.13034389483415257;0.10490393518518519;0.12357199075488381;0.11776725304465493;0.249;0.237;0.262;0.162;0.236;0.234;0.242;0.162;0.943;0.948;0.937;0.976;0.949;0.95;0.946;0.976;14.4347;52.6804
26;41917;278355.78161296726;0.8333333333333334;306;7;0.13452980229435774;0.10581558441558443;0.12869272664952724;0.11450980392156865;0.196;0.169;0.21;0.183;0.175;0.233;0.162;0.183;0.956;0.967;0.949;0.961;0.965;0.937;0.97;0.961;14.7516;52.0721
27;42214;173586.2169616771;0.8333333333333334;672;15;0.13184583036934577;0.09523104265402843;0.11842723609212495;0.11171130952380952;0.224;0.198;0.243;0.099;0.257;0.219;0.252;0.099;0.942;0.955;0.932;0.989;0.924;0.945;0.927;0.989;14.309;52.765
28;42215;164877.0687123433;0.8333333333333334;643;15;0.13566653145456525;0.09124539877300615;0.1224901194908616;0.10740279937791603;0.216;0.198;0.244;0.113;0.231;0.184;0.226;0.113;0.946;0.954;0.931;0.985;0.938;0.961;0.941;0.985;14.2162;52.8166
29;42216;156250.35731561523;0.8333333333333334;633;15;0.13754807720720222;0.08779493670886077;0.12513635284698552;0.1018957345971564;0.237;0.217;0.268;0.159;0.255;0.225;0.262;0.159;0.936;0.946;0.918;0.971;0.926;0.942;0.922;0.971;14.1275;52.85
30;42217;146748.74822630503;0.8333333333333334;629;14;0.14377374805890722;0.08895479452054796;0.1337328930380401;0.09875993640699524;0.232;0.188;0.249;0.147;0.289;0.225;0.265;0.147;0.937;0.958;0.927;0.975;0.902;0.94;0.917;0.975;14.1455;52.9266
31;42218;136474.26327704336;0.8333333333333334;628;14;0.1539431591784107;0.08513991769547326;0.14552718026736539;0.09434713375796179;0.32;0.282;0.324;0.216;0.32;0.278;0.319;0.215;0.914;0.933;0.912;0.961;0.914;0.935;0.914;0.961;14.2199;52.9895
32;42219;105752.0359855273;0.8333333333333334;463;13;0.20031957990874735;0.07510973451327435;0.19244790248959512;0.08550755939524839;0.586;0.548;0.192;0.202;0.589;0.555;0.19;0.202;-1.835;-1.478;0.697;0.663;-1.861;-1.535;0.702;0.664;14.4172;53.1946
33;42220;95118.74564621504;0.8333333333333334;437;13;0.20559786152547146;0.07433580705009277;0.19849700151581837;0.08517162471395882;0.581;0.665;0.215;0.265;0.574;0.635;0.223;0.265;-1.791;-2.649;0.617;0.422;-1.716;-2.322;0.591;0.423;14.4925;53.2837
34;42221;195736.51757434604;0.8333333333333334;674;13;0.12659884411454003;0.10718822023047375;0.12036626002055871;0.11943620178041543;0.285;0.262;0.284;0.142;0.281;0.254;0.277;0.142;0.923;0.935;0.924;0.981;0.925;0.939;0.927;0.981;14.5351;52.634
35;42222;219750.37589014258;0.8333333333333334;594;13;0.13126432532286755;0.10687061994609165;0.11941814188677198;0.12222222222222223;0.216;0.186;0.236;0.143;0.169;0.188;0.164;0.143;0.943;0.958;0.932;0.975;0.965;0.957;0.967;0.975;14.6098;52.4655
36;42223;240551.2587565235;0.8333333333333334;462;11;0.1319568203170614;0.10725126475548062;0.1173857374932836;0.1244805194805195;0.22;0.188;0.236;0.156;0.184;0.184;0.193;0.156;0.935;0.953;0.925;0.968;0.955;0.955;0.95;0.968;14.5793;52.3124
37;42224;286057.9769483367;0.8333333333333334;297;8;0.12936692060839552;0.10457831325301206;0.11588047228501552;0.12053872053872056;0.203;0.168;0.222;0.189;0.167;0.178;0.167;0.189;0.952;0.967;0.943;0.959;0.968;0.963;0.968;0.959;14.8376;52.0771
38;42305;326460.34372443985;0.8333333333333334;282;8;0.10773314033651595;0.0940933014354067;0.08878241603444785;0.1146808510638298;0.151;0.157;0.172;0.148;0.142;0.222;0.138;0.148;0.969;0.967;0.96;0.971;0.973;0.934;0.974;0.971;15.3131;52.0557
